热词,数量
电影,67
中国,62
音乐,58
微博,56
超话,55
降息,44
视频,40
现场,38
计划,38
美国,38
真的,37
音乐盛典,36
美联储,31
京东,30
特朗普,29
回应,28
品牌,28
成毅,27
时间,27
淘宝,27
阵容,26
震耳欲聋,25
上海,25
檀健次,25
闪购,25
热点,23
记者,23
直播,23
演员,23
发现,22
全球,22
角色,21
网友,21
少年,21
国家,21
生活,21
分享,20
公司,19
工作,19
WMA,19
加沙,19
老板,19
男子,18
西贝,18
日本,18
以色列,18
发布,18
山海,18
开学,18
期待,18
青年,17
开启,17
这次,17
女子,17
周深,17
罗永浩,17
国际,17
服装,17
田栩宁,17
迪奥,17
航空,16
解读,16
国庆,15
全国,15
影响,15
支持,15
舞台,15
终于,15
中秋,14
扬州,14
活动,14
丽丽,14
时刻,14
新闻,14
科技,14
老师,14
定档,14
韩国,14
欣欣,14
代言人,13
这是,13
世界,13
报道,13
市场,13
十一,13
显示,13
引发,13
发生,13
总统,13
哈哈哈,13
感受,13
浙江,13
媒体,13
持续,13
近日,13
罚款,12
投资,12
万千,12
拍摄,12
关注,12
开心,12
长春,12
努力,12
王牌,12
学生,11
平台,11
历史,11
鲜花,11
北京,11
绿捷,11
争议,11
韩束,11
王一博,11
快递,11
刘宇宁,11
训练,11
喜欢,11
兄弟,11
晚会,11
登陆,11
当地,11
艺术,11
没想到,11
风险,11
相关,11
大使,11
上映,11
王俊凯,11
上班,11
确认,11
身份,10
学习,10
出游,10
接受,10
代表,10
MIC,10
挑战,10
全新,10
第一,10
技术,10
决议,10
法官,10
更是,10
社区,10
工资,10
未来,10
学校,10
居民,10
创作,10
空军,10
采访,10
熊猫,10
文化,10
人生,10
企业,10
预制,10
超级,9
一秒,9
感谢,9
封面,9
故事,9
李淇,9
真实,9
快乐,9
发声,9
应援,9
外卖,9
上涨,9
观众,9
这波,9
核电站,9
航空展,9
一场,9
社会,9
披荆斩棘,9
旋律,9
精彩,9
JCT,9
系列,9
基点,9
指数,9
调整,9
学院,9
泄漏,9
龚俊,9
法院,9
价格,8
某媛,8
官宣,8
辛芷蕾,8
美团,8
战机,8
乐享,8
舞蹈,8
主持人,8
力量,8
最佳,8
央视,8
马嘉祺,8
游客,8
假期,8
都灵,8
分析,8
黄金,8
海外,8
声乐,8
热爱,8
户外,8
新知,8
展示,8
骑士,8
期间,8
热巴,8
官方,8
金价,8
记录,8
调查,8
节目,8
山东,8
肯定,8
杭州,8
开放,8
停火,8
节奏,8
梦想,8
委内瑞拉,8
时代,8
瞬间,8
基金,8
粉丝,8
通报,8
数据,8
新片,7
原创,7
孩子,7
奶茶,7
中心,7
春秋,7
正式,7
迪丽,7
供餐,7
大学,7
简单,7
越来越,7
事件,7
逐本,7
朋友,7
全网,7
经济,7
周末,7
辱骂,7
音符,7
利率,7
心动,7
评论,7
香港,7
公开,7
烟花,7
信息,7
一位,7
刺杀,7
找到,7
出演,7
方式,7
希望,7
王安宇,7
安排,7
交易,7
一分钟,7
不用,7
流量,7
认定,7
电影周,7
农妇,7
导演,7
一名,7
草案,7
沙特,7
事故,7
巴基斯坦,7
万美元,7
发布会,7
炸弹,7
新鲜事,7
红包,7
最终,7
趋势,7
告诉,7
复核,7
星河,7
吉米,7
意义,7
第二季,7
午餐,7
旅游,7
带来,7
这一,7
地区,7
离婚,6
宋亚轩,6
谢谢,6
表演,6
丈夫,6
跟着,6
感觉,6
老公,6
下次,6
你好,6
队雨,6
线上,6
保障,6
承认,6
光影,6
中央,6
一审,6
环境,6
首波,6
天马,6
联合,6
打开,6
刺刀,6
折来,6
不愧,6
动作,6
花儿,6
今日,6
台湾,6
台词,6
收入,6
主席,6
精准,6
去年,6
获刑,6
陈丽君,6
能力,6
专业,6
有人,6
ETF,6
倡议,6
律师,6
众多,6
撤销,6
日晚,6
逗留,6
蔡国强,6
联合国安理会,6
作战,6
微风,6
产品,6
财经,6
兴奋,6
警方,6
首次,6
直升机,6
主演,6
股票,6
奖学金,6
出席,6
李连杰,6
反差,6
国内,6
也门,6
教育,6
氛围,6
坠毁,6
成功,6
李昊,6
华语,6
宠物狗,6
王栎鑫,6
呼吁,6
解锁,6
回来,6
地方,6
醴陵,6
会议,6
苏新皓,6
贾国龙,6
一张,6
ai,6
巴勒斯坦,6
美好,6
魅力,6
儿子,6
群众,6
UNIQ,6
播出,6
聚集,6
一条,6
特别,6
扶持,6
人员,6
好好,6
核心,6
哈哈哈哈,6
炒股,6
预告,6
张子枫,6
推动,6
人数,6
人工智能,6
参加,6
企划,6
创始人,6
战争,6
重水,6
武器,6
严格遵守,6
鹭卓,6
机会,6
男扮女装,6
安徽,5
助力,5
人民,5
蛋糕,5
实力,5
抢免,5
元起,5
通胀,5
福利,5
独家,5
总决赛,5
事情,5
周笔畅,5
笔绘,5
能量,5
行业,5
活力,5
月刊,5
财富,5
合影,5
小米,5
论文,5
幕后,5
言论,5
合作,5
提出,5
巡回演唱,5
提前,5
商家,5
委员会,5
亮相,5
门店,5
感手,5
拿到,5
仿佛,5
东来,5
消费,5
幸福,5
镇江,5
文学,5
沸腾,5
搜索,5
话题,5
书记,5
歌手,5
孙悟空,5
清理,5
下午,5
警察,5
城市,5
投资者,5
美妆,5
明白,5
原因,5
华为,5
湾区,5
小说家,5
目标,5
日至,5
发出,5
肖战,5
卡布,5
刘克斌,5
日前,5
遇难,5
多所,5
碰撞,5
老乡,5
巴勒斯坦国,5
见证,5
表情,5
武大,5
新加坡,5
屏幕,5
人物,5
放心,5
压力,5
一博,5
新品,5
跳舞,5
call,5
攻略,5
舞鞋,5
经典,5
看着,5
见面,5
释放,5
还原,5
实施,5
还要,5
错误,5
互动,5
卫视,5
爱人,5
工伤,5
评价,5
谢娜,5
姐姐,5
业务,5
举办,5
特种,5
花絮,5
部署,5
享受,5
韩娱,5
四川,5
游戏,5
掉落,5
面对,5
拉满,5
当天,5
冷冻,5
惊喜,5
底气,5
高德,5
摩尔,5
天天,5
教师,5
大额,5
一种,5
展览,5
实验,5
一年,5
家长,5
芒果,5
爷爷,5
第二届,5
几天,5
案件,5
责任,5
职场,5
好久不见,5
金融,5
万元,5
TOP,5
yeah,5
沈阳市,5
一份,5
镜头,5
明月,5
风格,5
新增,5
美食,5
李昀锐,5
暑假,5
首发,5
联动,5
之间,5
美军,5
飞行,5
策略,5
出发,5
地带,5
系统,5
梁婷,5
获悉,5
温州,5
健次,5
聊斋,5
一句,5
导弹,5
需求,5
这场,5
尊重,5
网络,5
士兵,5
工作人员,4
广告,4
一票否决,4
可爱,4
脱口秀,4
房地产,4
邓超,4
携手,4
深夜,4
谴责,4
出行,4
致敬,4
妈妈,4
开玩笑,4
顶级,4
文俊辉,4
这块,4
大师,4
知识,4
母亲,4
普通人,4
全是,4
闪光,4
爱奇艺,4
死亡,4
优秀,4
南京,4
首字母,4
创新,4
狠狠,4
模式,4
突破,4
探班秋晚,4
包括,4
执行,4
摩登,4
时装,4
介绍,4
过程,4
全员,4
发文,4
两年,4
牛奶,4
职业,4
马杜罗,4
一手,4
朱正廷,4
毕业,4
外卡,4
APP,4
剑阵,4
保护,4
点赞,4
处置,4
样子,4
思考,4
经历,4
回调,4
发展,4
夜晚,4
市委,4
啊啊啊,4
花少,4
操作,4
苏超,4
敬请期待,4
领克,4
大幅,4
声线,4
我国,4
说法,4
集会,4
局长,4
位置,4
最新,4
星期六,4
几个,4
TFBOYS,4
方案,4
主打,4
吴世勋,4
童年,4
阶段,4
排序,4
抱抱,4
结束,4
沙包,4
上线,4
嘉宾,4
速速,4
下单,4
违法,4
成员,4
导致,4
印象,4
加盟,4
预计,4
非遗,4
展轩,4
暖心,4
强奸,4
是因为,4
雪峰,4
doge,4
状态,4
富人,4
报警,4
允悲,4
挚友,4
排名,4
上车,4
单元,4
武汉大学,4
清华,4
每次,4
股市,4
董子,4
法律,4
性侵,4
江苏,4
否决,4
爆发,4
高院,4
焕蓝,4
亿元,4
一家,4
小时,4
川普,4
年度,4
体验,4
手机,4
组合,4
app,4
小妹,4
担任,4
女儿,4
此次,4
投票,4
万份,4
总台,4
李沁,4
无聊,4
高级,4
一步,4
就业,4
捂住,4
处罚,4
张艺兴,4
这份,4
建议,4
清单,4
奇遇记,4
身体,4
年轻,4
朴槿惠,4
兵力,4
开幕,4
政府,4
老百姓,4
下行,4
身上,4
政策,4
东道主,4
新华社,4
超过,4
深度,4
一点,4
感动,4
人民币,4
现象,4
摄影,4
战士,4
本来,4
部门,4
听到,4
湖南,4
友情,4
扫街,4
窗外,4
博会,4
之中,4
张智霖,4
电影节,4
不到,4
确实,4
馆长,4
投毒,4
观点,4
进厂,4
大湾,4
偶像,4
学位,4
突发,4
杀青,4
通州,4
落选,4
外交部,4
开机,4
主题,4
原副,4
价值,4
浪浪,4
战火,4
送达,4
功夫,4
郑重声明,4
荔枝,4
破坏,4
正是,4
国产,4
刘雨昕,4
十年,4
前往,4
先进,4
成长,4
橙色,4
平衡,4
刷新,4
依法,4
手段,4
两位,4
天工,4
网红,4
重磅,4
义务,4
剧集,4
长期,4
连续,4
行情,4
艺术家,4
点燃,4
重返,4
婚礼,4
统一,4
小艺,4
图片,4
道歉,4
批准,4
同步,4
去世,4
济源,4
科学,4
本周,4
天真,4
李明博,4
纪录片,4
美元,4
演唱会,4
跑步机,4
首例,4
剧照,4
萧秋水,4
第八届,4
配餐,4
华盛顿州,4
二胎,4
cry,4
高端,4
奔赴,4
冷静,4
精神,4
提供,4
信仰,4
金靖,4
男主角,4
唯一,3
后期,3
相伴,3
校车,3
押注,3
拉开帷幕,3
自由,3
季微博,3
仪式,3
优雅,3
重燃,3
中美,3
威胁,3
不眠,3
毒死,3
无人机,3
朱一龙,3
传播,3
奶奶,3
民众,3
理由,3
锁妆,3
热议,3
手语,3
成立,3
定格,3
两轮,3
飞遍,3
毕正明,3
晚意,3
喻言,3
画面,3
紧急,3
多元,3
面具,3
暴涨,3
阿拉伯,3
飞机,3
梦幻,3
每一分,3
说实话,3
鲨鱼,3
天凉,3
石头,3
天津,3
广播电视局,3
暂停,3
鲍威尔,3
文字,3
慕容,3
郝龙斌,3
覆盖,3
一座,3
一杯,3
监委,3
爸爸,3
小心,3
千玺,3
复盘,3
方法,3
担心,3
应对,3
多年,3
康乐,3
绽放,3
幸运,3
证明,3
厨房,3
张峻豪,3
携带,3
在线,3
尹子维,3
打破,3
客场,3
温柔,3
大会,3
异常,3
令人,3
杨幂,3
拘留,3
今晚,3
鼓掌,3
意愿,3
高手,3
收官,3
千万,3
男士,3
华与华,3
直击,3
山姆,3
锁定,3
从容,3
加油,3
身穿,3
观察,3
空姐,3
香山,3
西湖,3
好看,3
路上,3
耶路撒冷,3
浪漫,3
陆续,3
一课,3
开赛,3
明天,3
同行,3
EVISU,3
报备,3
恳请,3
送给,3
演唱,3
管理,3
聊天,3
资产,3
员工,3
揽收,3
厉害,3
沉浸,3
账号,3
想象,3
胡夏,3
争夺,3
欧盟,3
一个月,3
芯片,3
就要,3
暂时,3
陈小春,3
向往,3
差异,3
粤语,3
烟斗,3
字幕,3
俄罗斯,3
销售,3
AI,3
翻转,3
逼死,3
丁真,3
领域,3
六街,3
危机,3
未成年人,3
内心,3
联合国教科文组织,3
庆祝,3
贺峻霖,3
盗摄,3
背景,3
秘密,3
闪电,3
共振,3
安理会,3
誓要,3
空投,3
地面,3
搜看,3
当面,3
坚定信念,3
高涨,3
同比,3
榜单,3
环保,3
卫生巾,3
之上,3
传承,3
第十二,3
出差,3
昭和,3
光芒,3
沈阳,3
券商,3
宿迁,3
日常,3
伤害,3
颁奖仪式,3
积水,3
共赴,3
规划,3
海报,3
健康,3
万人,3
逆风,3
金卡,3
王越,3
高峰期,3
剧本,3
市面上,3
好时节,3
拥有,3
迎来,3
前妻,3
近期,3
锤子,3
赵丽颖,3
探班,3
棕编,3
路透,3
司机,3
暗示,3
大方,3
预订,3
地位,3
意见,3
扮演,3
频频,3
挖掘,3
单一,3
文旅,3
校园,3
抢先,3
强势,3
加工,3
老人,3
九月,3
周六,3
普京,3
情绪,3
流鼻血,3
联赛,3
闻名,3
无辜,3
手榴弹,3
登上,3
至少,3
晚上,3
丹尼,3
回望,3
市民,3
第一杯,3
一件,3
爱慕,3
VS,3
发言,3
倾向,3
人命,3
准备就绪,3
纠纷,3
茅台,3
快手,3
winner,3
板块,3
地球,3
正赛,3
离开,3
消息,3
举报,3
自然,3
部队,3
交易员,3
忍不住,3
贷款,3
日苏超,3
内容,3
辐射,3
酥饼,3
公益,3
专属,3
毕正,3
赋能,3
跌破,3
监狱,3
像是,3
花式,3
A股,3
乃文,3
物流,3
身边,3
思维,3
大国,3
来源,3
抵制,3
想到,3
诚意,3
张雅琪,3
巡演,3
长线,3
情况,3
清华大学,3
眼里,3
王一珩,3
涉嫌,3
专访,3
发了,3
交融,3
涉及,3
放在,3
班主任,3
银行,3
超越,3
军事,3
消费者,3
极致,3
王子,3
星星,3
对准,3
贴心,3
某某,3
捐赠,3
隐私,3
肌肉,3
护肤,3
力挺,3
安心,3
身不由己,3
一抱,3
邓紫棋,3
这位,3
国民党,3
惊艳,3
签署,3
同比增加,3
机票,3
关键,3
值得,3
天宫,3
声明,3
小姐,3
珍珠,3
劫案,3
表达,3
角落,3
Anyma,3
人民法院,3
两份,3
好时光,3
领导,3
本色,3
工厂,3
英雄,3
艾美奖,3
旅客,3
反对,3
DIOR,3
长文,3
CODA,3
深深,3
查理,3
人心,3
设立,3
巅峰,3
赛车手,3
定制,3
Chill,3
路线,3
秋装,3
子瑜,3
双金,3
监督,3
传递,3
宿命,3
怀化,3
做饭,3
名单,3
辩论,3
道理,3
中医,3
来自,3
张凌赫,3
厦门,3
亮度,3
校方,3
村民,3
垃圾,3
判断,3
免费,3
目光,3
放弃,3
汽车,3
好个,3
闪耀,3
头发,3
交流,3
奖杯,3
釜山,3
围观,3
拒绝,3
士气,3
下跌,3
新鲜,3
独播,3
拼搏,3
捕风,3
蔡正元,3
调侃,3
目的地,3
双向,3
波动,3
三个,3
荧幕,3
作出,3
习近平,3
这句,3
多重,3
数字,3
身着,3
十个,3
生命,3
立场,3
小凯,3
校花,3
明星,3
女童,3
休息,3
昵称,3
基金会,3
河边,3
依旧,3
沟通,3
主办方,3
两个,3
央行,3
申请,3
种地,3
追影,3
当年,3
回归,3
明点,3
实验室,3
网上,3
理解,3
公众,3
雷达,3
上市,3
适合,3
机上,3
缘分,3
谈到,3
陈丽君点,3
审查,3
开通,3
父亲,3
爱情,3
超市,3
承受,3
妻子,3
理念,3
明晰,3
歌曲,3
永远,3
模块,3
存款,3
错过,3
多项,3
下载,3
实在,3
进一步,3
帮忙,3
用户,3
坚守,3
疯狂,3
抽象,3
二代,3
秋色,3
TikTok,3
宝宝,3
这么久,3
祝福,3
矛盾,3
推出,3
大片,3
小黑,3
自杀,3
婚姻,3
关系,3
丁程鑫,3
股价,3
偷乐,3
质疑,3
召唤师,3
默茨,3
回忆,3
万亿,3
一开,3
过年,3
翻译,3
走势,3
所有人,3
喊话,3
生产,3
提起,3
性能,3
无数,3
热衷,3
享茂,3
天下,3
发帖,3
腾哥,3
工业,3
可怕,3
手铐,3
老赖,3
专家,3
食品,3
卸任,3
开发,3
全程,3
受害,3
外语,3
宋雨琦,3
论坛,3
秋高气爽,3
阳光,3
组建,3
东西,3
报告,3
落下,2
排爆,2
圣叹,2
印记,2
宏观,2
途中,2
还好,2
装备,2
提案,2
书籍,2
澎湃,2
拆分,2
典型,2
哥哥,2
敲诈勒索,2
感从,2
攻击,2
小宋,2
私人生活,2
从没,2
一案,2
日籍,2
疏散,2
伍元,2
前行,2
左侧,2
包裹,2
早就,2
小心翼翼,2
无声,2
王玉雯,2
联合国,2
名字,2
原价,2
唱响,2
预售,2
易方达,2
平田康,2
破局,2
网站,2
该国,2
接住,2
一把,2
竟是,2
buss,2
旅行,2
股东,2
首日,2
研电,2
操纵,2
解救,2
到来,2
漂亮,2
女高管,2
跨越,2
自发,2
联邦,2
太会,2
耳闻,2
初衷,2
年前,2
李在,2
九三,2
导航,2
专家组,2
店主,2
棒子,2
燃尽,2
爽爽爽,2
骗光,2
亏损,2
报复,2
美国参议院,2
场景,2
有何,2
根本就是,2
赤裸裸,2
付出代价,2
男装,2
亲测,2
隐瞒,2
翻脸,2
配合,2
做好,2
微博智,2
鲁豫,2
一块,2
心中,2
翻倍,2
桃气,2
奖项,2
坐月子,2
道路,2
童心,2
只能,2
驿站,2
邂逅,2
再也,2
请问,2
坐在,2
常见,2
放生,2
风景,2
第一次,2
大神,2
武装部队,2
夏决,2
薛某,2
走路,2
西安,2
这件,2
流向,2
可言,2
涩谷,2
一同,2
本条,2
房间,2
餐饮,2
成都,2
林中,2
欧派,2
电视,2
独特,2
杨迪,2
新生,2
流水,2
真相,2
喜马拉雅山,2
查收,2
购买,2
优势,2
声援,2
微笑,2
剪刀,2
欧美,2
另有,2
领到,2
王一博王,2
达系,2
破获,2
潜入,2
太漂亮,2
胡枫,2
在于,2
八卦,2
新声,2
静态,2
领衔主演,2
防御,2
礼貌,2
财产损失,2
欧元,2
改变,2
独夫,2
捐款,2
起床,2
融合,2
守护者,2
假装,2
恭喜,2
参与,2
电视剧,2
摄影师,2
思想,2
品质,2
嘻嘻,2
飞天,2
八项,2
乌云,2
布局,2
荣誉,2
此前,2
展开,2
半小时,2
父爱,2
加点,2
战记,2
抓住,2
赏秋,2
首富,2
学业,2
何在,2
Yuyan,2
林素贤,2
袁一琦,2
聪明,2
分钟,2
这部,2
主任,2
烽火,2
赶往,2
下午茶,2
相声,2
划算,2
毕业典礼,2
谭松韵,2
区别,2
弟弟,2
教室,2
原子能,2
指标,2
暗访,2
织就,2
颜齐,2
说出,2
零帧,2
受伤,2
起哄,2
甜蜜,2
强国,2
高难度,2
荣耀,2
查看,2
密室,2
小鱼,2
鲁豫约,2
探索,2
公告,2
衣服,2
魔童,2
记鹭本,2
奔走,2
比喻,2
主角,2
本院,2
拂过,2
起因,2
一人,2
台上,2
秋叶,2
贴膜,2
利好,2
入秋,2
必得,2
背后,2
回事,2
投保,2
高校,2
博主,2
形象,2
定义,2
星光,2
充满,2
跟随,2
劳动,2
奥特加,2
胶片,2
标准,2
大局,2
帽子,2
六点,2
英国,2
目的,2
研究,2
客户,2
剩下,2
签约,2
大满贯,2
涉毒,2
公安分局,2
程鑫,2
杂志,2
稳定,2
社交,2
操后,2
凌晨,2
搭载,2
制造业,2
张嘴,2
发动,2
辖区,2
一幕,2
在央,2
重温,2
延续,2
公安局,2
张宏义,2
群体,2
水色,2
暴论,2
侵权行为,2
桃里,2
wwd,2
各国,2
党组书记,2
开幕式,2
宪法,2
赵一博,2
慢慢,2
打劫,2
党工委,2
定性,2
收工,2
明说,2
裁员,2
陈哲远,2
此刻,2
一项,2
文案,2
始祖鸟,2
监制,2
叠加,2
风暴,2
厚重,2
派遣,2
某涛,2
声音,2
那种,2
雅琪,2
履行,2
股份,2
平凡,2
听见,2
练功房,2
穷人,2
依规,2
当过,2
从来不,2
停播,2
意味着,2
上限,2
山中,2
憧憬,2
挽回,2
走红,2
翘楚,2
彰显,2
婆婆,2
飞快,2
刘震云,2
成就,2
西班牙,2
入境,2
工具,2
宝妈,2
偶像剧,2
持仓,2
事实证明,2
延边州,2
职务,2
深刻,2
不语,2
风口,2
逆光,2
傍晚,2
抗日,2
情况通报,2
陈若彤,2
老爸,2
无数个,2
阅兵,2
异动,2
哈马斯,2
侵害,2
早上,2
摩根,2
有索,2
赞比亚,2
同心,2
默契,2
组织,2
降低,2
幂姐,2
热烈,2
生意,2
成功率,2
已婚,2
宝贝,2
检测,2
打动,2
表现,2
拍了拍,2
盘中,2
加大,2
低温,2
趣味,2
类型,2
领券,2
轮子,2
期盼,2
刘浩存,2
宣判,2
收益,2
搏命,2
第四,2
却成,2
最长,2
神券,2
老婆,2
碎片,2
体会,2
聊到,2
防长,2
带走,2
红叶,2
稳稳,2
等待,2
培养,2
搭子,2
电竞,2
逻辑,2
自信,2
规律,2
驳回,2
秋天,2
购物,2
欣赏,2
资金,2
球迷,2
中午,2
军方,2
控制,2
手指,2
动量,2
规模,2
二零二,2
内事,2
之心,2
留下,2
万次,2
漫长,2
就够,2
德国,2
战略,2
判决,2
金九,2
民事,2
白衣公卿,2
降温,2
首部,2
瀚文,2
禁言,2
求购,2
太多人,2
最高法院,2
卷入,2
服务,2
张悦,2
王海波,2
即可,2
阚洪洁,2
为时尚早,2
魔窟,2
善良,2
太长,2
北京站,2
整理,2
前辈,2
權力,2
正确,2
而立,2
影后,2
资格赛,2
宣传,2
毕达,2
激烈,2
扑面而来,2
发电机,2
冬雨,2
古老,2
人士,2
诠释,2
发达,2
暴风圈,2
千克,2
整改,2
offer,2
新浪,2
中方,2
朱一龙金,2
张泉灵,2
快报,2
张峻,2
男单,2
万余份,2
布洛芬,2
唯三全,2
福克斯,2
正视,2
缓缓,2
穿越,2
举措,2
闪现,2
热情,2
多名,2
荒芜,2
一拳,2
李家,2
踩踏,2
上诉,2
一镜,2
礼物,2
很大,2
着急,2
保质期,2
李律,2
意外,2
串通,2
个区,2
宝藏,2
设计,2
视角,2
松懈,2
辽阔,2
嫌疑人,2
最深,2
Lars,2
卸妆油,2
欣漾,2
美国政府,2
德国政府,2
存钱,2
难题,2
强行,2
签证,2
话筒,2
牵头,2
欺负,2
一堂,2
一曲,2
协调,2
当日,2
崩溃,2
之外,2
一架,2
佩服,2
盛世,2
杀气腾腾,2
香港黄金,2
不想,2
最最,2
SHUN,2
盗窃,2
灵珠,2
开走,2
一批,2
军事行动,2
舒适,2
上门,2
战胜,2
赞成,2
轰动,2
收藏,2
派兵,2
日历,2
MO,2
退换,2
这名,2
祈祷,2
小林,2
胜利,2
默默,2
经纪,2
过户,2
东方,2
编成,2
男友,2
花少团,2
教育奖,2
相比,2
李在明,2
笔记,2
次日,2
升级,2
受害者,2
定存,2
独占,2
麦科德,2
看清,2
入围,2
抢票,2
经营者,2
风里,2
减少,2
十足,2
双双,2
高度,2
文哥,2
天台县,2
选择,2
SuperELLE,2
西兰花,2
始终,2
精密,2
更好,2
风力,2
超强,2
牢笼,2
补充,2
对大类,2
材料,2
议员,2
赛道,2
未判,2
床上,2
热血,2
火速,2
群星,2
综述,2
重载,2
发言人,2
冰雹,2
两天,2
此基础,2
人间,2
负责人,2
练习生,2
迎接,2
辛苦,2
合同,2
位于,2
伴手,2
叹气,2
看台,2
遗憾,2
打电话,2
鞠婧,2
太阳,2
一季,2
军人,2
到手,2
抢走了,2
多维,2
女单,2
絮语,2
进社区,2
香氛,2
高于,2
纠纷案件,2
破碎,2
多个,2
未经,2
剪辑,2
司令部,2
类似,2
控制区,2
美国陆军,2
黑社会,2
临沂,2
团少,2
二次,2
悠久,2
徐明浩,2
武侠剧,2
五大,2
时空,2
半年线,2
网络平台,2
Dancing,2
裁到,2
航班,2
预期,2
赚钱,2
邀约,2
最强,2
美满,2
闺蜜,2
爆炸,2
来说,2
制服,2
艺人,2
无需,2
民调,2
中小学,2
保卫,2
不愿,2
爱宾德,2
财多艺,2
速度,2
几年,2
满满的,2
市政府,2
培训,2
下调,2
热狗,2
可控,2
护眼,2
获奖,2
陈楚生,2
领导人,2
被行,2
婚恋,2
财长,2
一部分,2
传统,2
男主,2
首席,2
照顾,2
说会,2
示范区,2
女生,2
提升,2
增长,2
手中,2
直播间,2
官网,2
终将,2
盈利,2
持有,2
筛选,2
初入,2
上午,2
尚雯婕,2
抗拒,2
之约,2
家门口,2
十四五,2
负重,2
质感,2
逃脱,2
作品,2
签了,2
裁判,2
德国总理,2
人才,2
不错,2
各庄,2
通勤,2
日军,2
青岛,2
遍地,2
五年,2
吴镇宇,2
项目,2
很棒,2
列为,2
指南,2
老邓,2
残障,2
主动,2
山西,2
公斤,2
水平,2
减持,2
联手,2
苹果,2
机构,2
步入,2
后者,2
积蓄,2
航司,2
羊毛,2
品类,2
得体,2
搭配,2
歌声,2
第一个,2
纪律,2
局局长,2
处于,2
天价,2
后勤,2
文明,2
蓝星,2
作业,2
NARS,2
基地,2
芳踪,2
白酒,2
对比,2
冯程朗,2
黎明,2
例子,2
地点,2
巡游,2
信心,2
止损,2
金融监管,2
蟊贼,2
不堪,2
转向,2
买单,2
不快,2
受访者,2
当事人,2
大哥,2
逛逛,2
海拔,2
距离,2
东南部,2
选用,2
荣幸,2
骗局,2
场馆,2
鲜活,2
陶瓷,2
献艺,2
荣获,2
休闲,2
春节,2
萧条,2
坦言,2
缴纳,2
暴击,2
直通车,2
天地,2
稳健,2
行走,2
单上,2
留给,2
月亮,2
边界,2
刑事,2
武装,2
吃饭,2
授权,2
鸟儿,2
遗言,2
民主党,2
这群,2
随意,2
以色列政府,2
折至,2
之友,2
玩意儿,2
放烟火,2
满分,2
时光,2
盛夏,2
戈壁,2
再见,2
学长,2
赔偿,2
光辉,2
发力,2
符合,2
莫迪,2
科幻,2
摇摇,2
信任,2
体面,2
LostInTime,2
务必,2
不及,2
大规模,2
泄愤,2
女性,2
转发,2
全体,2
职员,2
丞磊,2
网购,2
开箱,2
认可,2
政治,2
主人,2
门口,2
文件,2
牛市,2
乐至县,2
上次,2
队友,2
陪伴,2
释出,2
柯基,2
Dear,2
眼睛,2
熟人,2
关键性,2
优酷,2
来袭,2
有量,2
面临,2
一声,2
不让,2
青春,2
国风,2
姜德果,2
力气,2
派出所,2
展现,2
玩笑,2
经济学家,2
郑秀晶,2
无比,2
开播,2
何运晨,2
经济学,2
比耶,2
历史性,2
短期,2
拳头,2
野心,2
顶配,2
战至,2
套路,2
苏洋,2
个人信息,2
节点,2
依然,2
先锋,2
纪律处分,2
武术,2
开售,2
吴磊,2
标注,2
周柏豪,2
有限公司,2
处分,2
土耳其,2
社保,2
元侧,2
抢手,2
谢孟伟,2
演讲,2
集体,2
哲远,2
珍知,2
切换,2
理论,2
房屋,2
夏天,2
相聚,2
下班,2
周旋,2
招投标,2
立案,2
台风,2
更大,2
张亚中,2
这事用,2
聚焦,2
搜免,2
特设,2
周年,2
模仿,2
贯彻,2
聋人,2
ABC,2
黑鹰,2
大佬,2
打击,2
周五,2
GEM,2
刘易斯,2
市长,2
程度,2
食堂,2
备好,2
实事求是,2
妇女,2
我会,2
雄鹰,2
团队,2
争论,2
握手,2
河南省纪委,2
孙茜,2
投诉,2
回宫,2
题材,2
到位,2
从未见过,2
种族灭绝,2
官员,2
记忆,2
面试,2
唐嫣,2
套装,2
九一八,2
欢乐,2
iPhone,2
空间,2
油炸,2
酷帅,2
文工团,2
微软,2
讨论,2
比心,2
抓获,2
顾客,2
提问,2
总统令,2
出片,2
退休,2
常有,2
揭晓,2
拿捏,2
区法院,2
党的建设,2
提到,2
小伙,2
打倒,2
一抹,2
记过处分,2
守护,2
东家,2
一部,2
管委会,2
违纪,2
山上,2
新高,2
试穿,2
回家,2
对话,2
轻松,2
视觉,2
遗留,2
营业,2
一次性,2
我痛,2
工签,2
案子,2
IG,2
美院,2
刷片,2
官司,2
失望,2
万余元,2
充当,2
谚语,2
携程,2
后续,2
关心,2
接到,2
中美关系,2
历经,2
胡塞,2
时隔,2
梓渝超,2
秋日,2
中央日报,2
工场,2
利益,2
陈数,2
幻梦,2
愿景,2
灯光,2
三大,2
三次,2
运镜,2
hy,2
这段,2
杀伤力,2
体现,2
河南,2
难以,2
狂欢,2
黑黑,2
日子,2
美股,2
那句,2
耀眼,2
太医,2
班会,2
答应,2
悲允,2
宣了,2
照片,2
爆料,2
经济危机,2
一口,2
走来,2
逛街,2
低调,2
演绎,2
明日,2
高减,2
对立面,2
CEO,2
街力,2
好友,2
套餐,2
真难,2
外汇,2
TV,2
抽奖,2
多人,2
上美团,2
团丁,2
首都,2
高速,2
时许,2
流动,2
汇率,2
美式,2
主场,2
走向,2
起诉,2
删除,2
现身,2
全智贤,2
梁婷称,2
降价,2
拘女,2
北舞,2
半年,2
YG,2
秋冬,2
小镇,2
一枚,2
爆火,2
实战,2
内页,2
构造,2
亿美元,2
多久,2
吸引,2
奇遇,2
北京高校,2
量化,2
费加罗,2
通话,2
开口,2
现实,2
本次,2
周翊然,2
早已,2
十周年,2
日记,2
迫不及待,2
TwoSigma,2
缉毒,2
行径,2
提交,2
敌人,2
安全感,2
丝滑,2
自述,2
借鉴,2
否认,2
被盗,2
中称,2
国防部长,2
行者,2
最低,2
之作,2
影响力,2
震惊,2
擅长,2
复星,2
没关系,2
房产,2
平时,2
疑似,2
晚报,2
门票,2
形式,2
奖励,2
饰演,2
情歌,2
毯名,1
抛却,1
普均,1
杀死比尔,1
流汗,1
校園,1
停课,1
剧烈,1
出具,1
选取,1
人质,1
硬核,1
年全,1
拍照,1
搜榜,1
器官,1
个体户,1
困难,1
区委,1
证券交易,1
万港,1
迭起,1
内娱,1
怀疑,1
举着,1
费用,1
算强,1
开团,1
Johnny,1
中药,1
云南,1
woc,1
天才,1
犯罪行为,1
铮亮,1
解释,1
孟子,1
开庭,1
遗不出,1
小鸭子,1
一招一式,1
每一刻,1
夭折,1
购金,1
人选,1
到嘎子,1
寂寞,1
乱七八糟,1
最晚,1
以中戏,1
书写,1
枉法,1
小酌,1
黑色,1
我要,1
猜题,1
金鸡奖,1
天光,1
随意性,1
宽比,1
刷牙,1
认知,1
寻岸,1
快为,1
刘德华,1
责任感,1
洗个,1
之灾,1
混合,1
官宣周,1
万已,1
低潮,1
箱底,1
周鸿祎,1
单人,1
一提,1
内裤,1
群中,1
那声,1
鹤园,1
选对路,1
审后,1
刘宇,1
回升,1
重要环节,1
条款,1
比到,1
费尽心机,1
闯魔典,1
影帝,1
俄乌,1
厘米,1
账单,1
之音,1
手术,1
庆州,1
储存,1
叶昭,1
做局,1
再过,1
停顿,1
白马王子,1
算法,1
經濟,1
国台办,1
共创,1
勇敢,1
高燃,1
应有尽有,1
杨屹韵,1
复出,1
奶白,1
引起争议,1
诸葛,1
逐本云,1
硬道理,1
我帅,1
纵歌,1
会谢,1
看七老,1
lin,1
够快,1
al,1
追梦,1
屈从,1
之德,1
近乎,1
居留权,1
好处,1
区根,1
部长,1
团灭,1
拐杖,1
津津乐道,1
功底,1
MI,1
cortis,1
挑戰來源,1
日王,1
首相,1
擅自,1
灵活,1
密码,1
衣架,1
喷粪,1
喜爱,1
昆山,1
累计,1
愤怒,1
曝光,1
灰色,1
伸展,1
别怕,1
迟到,1
会展中心,1
后谷歌,1
电视机,1
回中江,1
GREENEXPRESSFOODSLIMITED,1
普吉岛,1
中日,1
本地,1
屋里,1
产业链,1
加份,1
投稿,1
致歉信,1
领土,1
轻易,1
存亡,1
换季,1
赵兆,1
提醒,1
美食城,1
国际博览,1
黄鹂,1
战火纷飞,1
第十二届,1
全家人,1
笑称,1
杏色,1
半步,1
适用法律,1
只为,1
参选,1
流转,1
就查,1
装上,1
半年度,1
查查,1
流速,1
专注,1
不顾,1
潘功胜,1
身子,1
王艺瑾,1
还给,1
一万种,1
自我,1
交汇,1
四位,1
官鸿,1
轻语,1
离不开,1
Straykids,1
武训,1
配备,1
桂林,1
關稅,1
纵横天下,1
皇子,1
凯利,1
机务段,1
时期,1
补贴,1
幸得,1
白菜,1
抄近路,1
会定,1
注册,1
考场,1
认同,1
当当,1
白板,1
出击,1
寻找,1
电缆,1
教练,1
登台,1
反正,1
减轻,1
声浪,1
技术员,1
赵少康,1
彭仔,1
好沁眼,1
声嘶力竭,1
国乒,1
何广智装,1
中印,1
嘉宴,1
逾越,1
八日,1
干部,1
但俊子,1
遗留下来,1
郑重,1
一下子,1
心初入,1
选手,1
纷扰,1
刘雪华,1
红色,1
恒久,1
深入人心,1
大厅,1
智慧,1
蔬菜,1
千家,1
妈站,1
在家,1
这首,1
北京日报,1
弃权,1
数据安全,1
轶事,1
前半部,1
营造,1
发光,1
春耕夏耘,1
齐聚,1
发呆,1
制度,1
试错,1
自问自答,1
两下,1
气候变化,1
万众瞩目,1
打车,1
打破常规,1
亚娜,1
小柯,1
刚刚,1
技能,1
打包,1
组合而成,1
开高,1
一通,1
好歹,1
有空,1
机场,1
奥体,1
笑谈,1
岑李和宸,1
三重,1
特长生,1
加一点,1
命运,1
走花路,1
蒙娜丽莎,1
招生,1
慢腾腾,1
委编办,1
可塑性,1
逛累,1
渺小,1
五位,1
荣光,1
美好生活,1
磊子,1
带过,1
杀死,1
非法,1
心光,1
武戏,1
桑德斯,1
季微,1
中途,1
组团,1
休息日,1
吃惊,1
连跌,1
过火,1
官至,1
热潮,1
城建,1
曲风,1
热胀冷缩,1
污染,1
富恒,1
福袋,1
一套,1
电影票房,1
乱讲,1
训练赛,1
颠覆,1
审批,1
五年期,1
活在,1
红星,1
苏州,1
天然,1
钢琴曲,1
喜出望外,1
欧三,1
钓到,1
这成,1
失信,1
特征,1
草坡,1
元券包,1
电影演员,1
驾驭,1
集结,1
指出,1
viaCSPAN,1
照要,1
肚子,1
为央,1
Netflix,1
录制,1
对方,1
Hannn,1
一段,1
继给,1
奉献,1
专心,1
工业化,1
竟爆,1
建设银行,1
新人,1
生日,1
赶上,1
首录,1
民事诉讼,1
劣根性,1
好生,1
伤口,1
建设,1
概率,1
售后,1
极夜,1
秋收,1
折腾,1
空降兵,1
风华,1
本应,1
vivo,1
厚米们,1
千年,1
猛火,1
先人,1
紧张,1
月末,1
更省,1
看得人,1
冒险,1
本小鹭,1
播报,1
魔丸,1
搅拌,1
四周,1
土地,1
可获,1
否决权,1
万场,1
弱势群体,1
军号,1
控股,1
赞应,1
天堂,1
RISEandREALIZESURPRIIZE,1
必领,1
主营,1
这段话,1
电音,1
稳步,1
发博即,1
用品,1
热点话题,1
鄂瞬,1
排排,1
首本,1
抽水马桶,1
吴彦祖,1
冲过去,1
局玩,1
鸿蒙,1
开怀,1
小宝,1
起飞,1
生产线,1
全球性,1
重心,1
相一致,1
珍贵,1
先官,1
二审,1
真成了,1
百味,1
自学,1
懵懂,1
庐山,1
两手硬,1
推车,1
夜空,1
许愿,1
产业,1
蔡国,1
提及,1
压舱,1
浑身解数,1
余人,1
不端,1
混乱,1
出路,1
大话西游,1
警的命,1
内衣,1
区里,1
第二件,1
警情,1
看不顺眼,1
疲软,1
玩具,1
温度,1
任命,1
发臭,1
通吃,1
大声,1
前两天,1
发神券,1
欲知,1
转战,1
事业,1
科技股,1
捏把汗,1
穿帮,1
联盟,1
志愿军,1
可惜,1
袁励,1
普遍性,1
圈内,1
上瘾,1
元彬,1
死讯,1
六年,1
反派,1
小于,1
整活,1
深深浅浅,1
看涨,1
相逢,1
评为,1
温情,1
nextlevel,1
一剑,1
喷出,1
爱好者,1
领袖,1
交易日,1
输得,1
摘得,1
燃爆,1
随口,1
监管局,1
缴费,1
hh,1
微信,1
迎新,1
敬盼,1
求助,1
走过,1
言论自由,1
男神,1
放出,1
珍酒,1
高能,1
脱稿,1
卸妆,1
拍田栩宁,1
锐不可当,1
机灵,1
show,1
孙茜用,1
韩寒,1
Walalilongla,1
星期五,1
屏单,1
一算力,1
成香,1
谈及,1
对以,1
串联,1
垄断,1
大法,1
竟成,1
理财,1
起舞,1
涉密,1
东北,1
聽取,1
体质,1
奇是,1
下田,1
表态,1
牢房,1
巨型,1
货币政策,1
单位,1
婚姻制度,1
自摄,1
好人,1
爱似,1
看片会,1
文艺,1
王妃,1
越小跳,1
改为,1
出品,1
费劲,1
差别,1
孔雀,1
无论是,1
把握,1
包有,1
钱到,1
朱志鑫,1
庞大,1
质量,1
美企为,1
河南省,1
富矿,1
武汉市,1
YIBOOFFICIAL,1
言之有物,1
犹豫,1
维他命,1
龚俊说,1
享茂小,1
第二天,1
咔擦,1
陆先生,1
汉明,1
半盏,1
爆笑,1
童装,1
使命感,1
夜中,1
走出,1
损害,1
学子,1
记鹭,1
第一天,1
扬子晚报,1
看真,1
多变,1
逗趣,1
样本,1
手里,1
每日,1
中国证监会,1
世勋,1
檀香树,1
進行,1
牵引,1
校内,1
凯撒,1
院长,1
内偷,1
知识分子,1
原生,1
首登秋晚,1
仅增,1
失业率,1
轻轻松松,1
团综,1
团杨,1
漂不,1
昂撒人,1
远程,1
刘耀文,1
之手,1
单点,1
思路,1
初一,1
暂缓,1
打造,1
草原,1
那杆,1
厮杀,1
估算,1
跳水,1
稳定性,1
夸李,1
陌生,1
案例,1
绝美,1
存货,1
祖国,1
和光同尘,1
拼凑,1
好好笑,1
一栏,1
经营,1
相關,1
滑溜,1
這是,1
致电,1
婚内,1
悲选,1
退伍,1
之境,1
下达,1
医学生,1
盘前,1
佩戴,1
盈余,1
人道主义,1
制片方,1
法会,1
十佳,1
出口,1
鱼竿,1
灯塔,1
头条,1
退还,1
首批,1
冬天,1
莅临,1
韵脚,1
世界观,1
贸易额,1
印度,1
票立,1
大法官,1
巨星,1
繁花,1
大河,1
以我为主,1
超预算,1
猫眼,1
通报会,1
弘凡,1
知音,1
整点,1
教程,1
下足,1
欢庆,1
热钱,1
有票,1
音频,1
好像,1
交易量,1
极速,1
男生,1
张天爱,1
认错,1
李云泽,1
鸡肉,1
良渚,1
众人,1
永恒,1
侵犯,1
加速,1
仪仗队,1
咖啡,1
旅途,1
博大精深,1
关照,1
蛆们,1
BTC,1
中华人民共和国,1
冤大头,1
公认,1
一旁,1
逆境,1
化姓,1
依赖度,1
生存空间,1
金刚,1
路过,1
堂堂,1
领涨,1
明眸,1
创业板,1
主办,1
男神桃,1
层面,1
代领,1
第一节,1
几十倍,1
白无常,1
动情,1
编剧,1
圆满成功,1
直购,1
再会据,1
如是,1
喜剧电影,1
排位,1
里长,1
本案,1
彭博社,1
不可分割,1
首展,1
第一批,1
嘉年华,1
一审判决,1
积累,1
十二日,1
音河乐动,1
频出,1
膨胀,1
搭理,1
总局局长,1
随后,1
运转,1
财新,1
轻搅,1
降临,1
经对,1
趁林,1
若水,1
约等于,1
威尼斯,1
餐品,1
礼仪,1
娜娜,1
好人家,1
仇恨,1
压缩,1
开业,1
新媒,1
袁咏仪,1
第一道,1
景点,1
东街,1
呼喊,1
问询,1
限定,1
浙江省,1
心无旁骛,1
事件调查,1
业态,1
来演,1
家委会,1
赛场,1
兴头上,1
消耗品,1
精神面貌,1
国王,1
反复,1
演戏,1
节目组,1
模特,1
支付,1
利空,1
搭建,1
生于,1
一处,1
声称,1
焰火,1
一锅粥,1
习得,1
橙意,1
火光冲天,1
美国会,1
小耳朵,1
柯淳,1
奥义,1
本届,1
财富网,1
咕咕,1
严选,1
belike,1
黄头发,1
加班,1
谭卓,1
尽全力,1
国家队,1
omg,1
应届生,1
欺软怕硬,1
炒蛋,1
海尔,1
沉稳,1
前真,1
职级,1
厘清,1
验证,1
不动产,1
烤熟,1
面前,1
风声,1
喷向,1
做客,1
罕见,1
来托举,1
百斤,1
谈钱,1
女装,1
不好,1
偶遇,1
疑问,1
一马当先,1
古装剧,1
不在乎,1
愈发,1
臭味,1
不吃,1
一回回,1
公职,1
口碑,1
甲骨文,1
停止,1
拉满央,1
各段落,1
重责,1
回合,1
有了钱,1
打工仔,1
双杯,1
女演员,1
勘查,1
省出,1
惠中,1
产能,1
单机,1
暴雨,1
冒菜,1
解除,1
承担,1
冯玮,1
硬控,1
孤岛,1
替代,1
共勉,1
折扣,1
亿再,1
男到,1
一棵,1
来入,1
菜之战,1
治愈,1
登记,1
剪辑版,1
光脚,1
貿易,1
喜马拉雅,1
对谢,1
网络安全,1
别太会,1
主題,1
第一件,1
奔涌,1
李宁,1
斗争,1
举办活动,1
涨停,1
激动,1
争春,1
习语,1
便宜,1
金融业,1
布盖,1
几期,1
否定,1
星星点点,1
未盈夜,1
忙于,1
vlog,1
双丰收,1
答记者问,1
喜马拉雅山脉,1
王星,1
TMEA,1
在台协会,1
天方夜谭,1
现场图,1
硕士学位,1
有星意,1
爆棚,1
自有,1
九派,1
候选人,1
炸裂,1
省市,1
出让,1
小学生,1
杭城,1
观礼,1
庙宇,1
界限,1
迪哥,1
张远,1
处理程序,1
血流成河,1
军火交易,1
正好,1
尘烟,1
司法机关,1
热榜素,1
玩转,1
旅程,1
流过,1
创意,1
驯服,1
挤眼,1
多选,1
顶格,1
YIBOMOMENT,1
级别,1
太宠,1
所示,1
特警,1
保守派,1
抢镜头,1
首映,1
任你挑,1
郑州市,1
报效,1
祸害,1
前排,1
爆汁,1
快讯,1
饱和度,1
能演能唱,1
青年人,1
使命,1
宫格,1
所及,1
影片,1
试镜,1
防空,1
表现力,1
live,1
保本,1
涵盖,1
星汇,1
富联,1
基本法,1
双节,1
莫特,1
李富城,1
Kuan,1
解说,1
开罗宣言,1
ing,1
叮嘱,1
不定期,1
恨不能,1
本金,1
柳如烟,1
旧衣服,1
不太,1
教授,1
高管,1
plog,1
正道,1
拜寿,1
实感,1
吃点,1
舒适感,1
火苗,1
穿娃衣,1
外资企业,1
关东,1
激励,1
武侠,1
楠得,1
选张,1
手握,1
东大,1
两条腿,1
诸神,1
挑灯夜战,1
利息,1
到场,1
凉风,1
带上,1
河北省,1
方皓明,1
收藏家,1
说子枫,1
挣钱,1
怀里,1
武汉经济技术开发区,1
后辈,1
鱼尾,1
决策,1
被害,1
歌坛,1
打团,1
渐暗,1
博士生,1
协会,1
光鲜亮丽,1
派对,1
图文并茂,1
别以为,1
拆解,1
稅案,1
不晚,1
境地,1
生产日期,1
口述,1
罗智强,1
退却,1
清新,1
去过,1
天籁,1
反深,1
调解书,1
算力,1
山脉,1
比苏,1
弯曲,1
心想事成,1
安康,1
檀木,1
前来,1
王老板,1
推向,1
未知,1
收到,1
一模一样,1
之山,1
刻意,1
亚洲,1
泡沫,1
蔓延,1
卢克索,1
砖厂,1
写歌,1
相近,1
牵绊,1
被裁,1
一经,1
如一为,1
OS,1
西大,1
版一到,1
中南,1
重出江湖,1
香同,1
陪你去,1
有事,1
小学,1
盛宴,1
TrumpCardgov,1
开天辟地,1
竞争,1
轻启,1
演过,1
官宣逐本,1
被困,1
夹带,1
华九敏,1
拉伸,1
港币,1
某女,1
编队,1
鸡米花,1
笃定,1
罗织罪名,1
响起,1
一朵花,1
尼罗河,1
新鲜出炉,1
更远,1
抛弃,1
老鹰队,1
我求,1
补上,1
两人,1
所在,1
一朵,1
米饭,1
刘宇宁卡布,1
惟妙惟肖,1
血仇,1
心跳,1
奋力,1
俏皮,1
河北,1
喉管,1
号称,1
掌控,1
点超,1
乔恩,1
剂量,1
沈腾,1
外形,1
徐直军,1
成品,1
面粉,1
朱星杰,1
懊悔,1
待机而动,1
连发,1
冲突,1
未醒,1
酷酷,1
满眼,1
周运海,1
E通,1
cp,1
真心,1
不平,1
何浩楠,1
顶梁柱,1
起落,1
不乏,1
来时路,1
股山,1
本心,1
全归,1
即使如此,1
白宫,1
周恺,1
抢修,1
这回,1
迁居,1
吊坠,1
电厂,1
空警,1
配色,1
剪裁,1
周口,1
地形,1
托举,1
加密,1
条约,1
文章,1
安利,1
京都,1
晋城,1
本国,1
飞驰,1
美国司法部,1
留待,1
泪泪泪,1
剩余,1
户外运动,1
引用,1
极品,1
这条,1
国宴,1
盛大,1
艺兴闹,1
粮食安全,1
新刃,1
方向,1
北约,1
结构性,1
潜力,1
近路,1
爆款,1
大氅,1
反对票,1
有雯,1
老罗要,1
限定版,1
风凉话,1
信用卡,1
八十,1
标榜,1
登录,1
有利于,1
帮别人,1
直面,1
每周五,1
进立,1
砂砾,1
小汁,1
汇合,1
资阳,1
权益,1
ip,1
截图,1
哪有,1
嘱托,1
人事,1
不实,1
分饰两角,1
薛之谦,1
合并,1
民意调查,1
大动脉,1
优惠,1
伟达,1
一拖再拖,1
玩儿,1
庆尚,1
应得,1
上訴,1
大阳线,1
升值,1
公平竞争,1
姚晓棠,1
失踪,1
肉夹馍,1
推上,1
寸土寸金,1
满满,1
行长,1
张译,1
片场,1
懂花少,1
野区,1
没什么,1
陡峭,1
敲诈勒索罪,1
慢镜头,1
适应性,1
领航,1
怒批,1
磅礴,1
继承,1
参议院,1
顶天,1
即谢,1
登奈飞,1
夜里,1
用于,1
华诞,1
暑期,1
立于,1
两种,1
拂动,1
人王,1
下級,1
折腿,1
清澈,1
不行,1
DNA,1
就位,1
彩烟,1
龙眼,1
脆弱,1
同意,1
ikun,1
娱乐圈,1
十三日,1
美元兑,1
肥料,1
自动,1
短信,1
电影频道,1
焕启,1
美國,1
中科,1
改写,1
漏水,1
元气,1
去逛,1
生能,1
时讯,1
战后,1
发丝,1
不算,1
货值,1
吊威亚,1
降解,1
沒人够,1
挽起,1
草镜渊,1
张图,1
高价,1
抗美援朝,1
党组,1
选人,1
喜剧,1
资料,1
响彻,1
冬冬,1
全家,1
四野,1
赵雨凡,1
已破,1
总问,1
人问,1
快点,1
合法性,1
会下,1
妈呀,1
份子,1
法定,1
怀听,1
祸根,1
敦促,1
Flamenco,1
龚俊会,1
湖北省,1
灰飞烟灭,1
伤痛,1
构筑,1
困于,1
光像,1
刘宇罗一舟,1
懒亚亚,1
刚升,1
双流,1
领先,1
苏永,1
一场场,1
强弱,1
决赛,1
理塘,1
不好意思,1
双拼,1
更显,1
家电,1
小时候,1
制片人,1
看过,1
准确,1
遇见,1
勒索钱财,1
理成,1
男大女,1
减小,1
比来比去,1
双边关系,1
苏醒,1
实用性,1
春语,1
强光,1
场面,1
要素,1
军工,1
隐天,1
揭露,1
煽情,1
本土,1
拥入,1
男女老少,1
今夕,1
夺取,1
前置,1
泪目,1
红衣,1
聊聊,1
ONE,1
黄鸡,1
马林,1
眷恋,1
古法,1
两姐妹,1
有戏,1
追忆,1
太若王,1
卡片,1
灵感,1
Ning,1
追逐,1
复交,1
苏佳,1
代词,1
反特剧,1
听听,1
资源,1
排片,1
疑惑,1
原本,1
几条,1
消弭,1
老前辈,1
贝宁,1
升至,1
烈阳,1
十万,1
这类,1
重量,1
机动,1
金钱,1
男刊,1
胡斐大,1
便利,1
融肤,1
顏人,1
降准,1
西服,1
感情,1
赵露思,1
皇家,1
新晋,1
意味,1
之旅,1
赵晗,1
老梁,1
先上,1
军官,1
逐光,1
大厦,1
一路,1
急剧,1
借款,1
少言少语,1
工信部,1
满洲,1
本该,1
生效,1
刚刷,1
包出,1
执法,1
不服,1
表决权,1
女配角,1
早晨,1
武打,1
消防车,1
最爱,1
年代,1
子弘凡,1
辰河,1
幌子,1
乘坐,1
遮住,1
Bird,1
激光,1
回答,1
一岁,1
算能,1
现已,1
精通,1
超跌股,1
早盘,1
几十秒,1
正面,1
未必,1
讲解,1
坚信,1
领衔,1
十几块,1
胶州湾,1
多长时间,1
暗藏,1
大关,1
覃予,1
挨骂,1
江边,1
绝不放弃,1
上天,1
臭气熏天,1
明智,1
索赔,1
安致,1
不见不散,1
底线,1
指纳,1
钓鱼,1
趁乱,1
西城,1
调料,1
全场,1
纵横,1
性价比,1
发现自己,1
舞魂,1
看清楚,1
精神饱满,1
极智,1
审西贝,1
屈辱,1
之下,1
支队,1
消化,1
爱护,1
唐师曾,1
撤换,1
新房,1
入刑,1
气氛,1
十八年,1
不停,1
电子商务,1
Tor,1
口号,1
真孝,1
过后,1
绝望,1
搜词,1
游行,1
不容,1
这人,1
见过,1
录歌,1
饭灵根,1
有活,1
证监会,1
加息,1
秋晚,1
港风,1
称不愿,1
开脑,1
化成,1
腿疼,1
大叔,1
备忘,1
当作,1
嘴巴,1
比价,1
夸任,1
区间,1
程敖,1
叩响,1
上卡布,1
园会,1
匹配,1
块钱,1
技艺,1
杭州市,1
玷污,1
趣事,1
步履,1
奶酪,1
凯特,1
AIT,1
姐站,1
神经,1
加载,1
炒成,1
拉来,1
飞宇,1
店家,1
一对,1
追不上,1
速冻,1
房东,1
温润,1
双重,1
洗头,1
全景图,1
来回,1
死死的,1
总有,1
演员阵容,1
夜凉,1
送祝福,1
开拍,1
VitaYoung,1
大图,1
西九龙,1
群起攻之,1
震撼,1
哗然,1
咯羞,1
宾客,1
特使,1
放量,1
打戏,1
操作系统,1
江孜,1
七年级,1
身世,1
通往,1
辯論,1
东方明珠,1
高地,1
憔悴,1
马德里,1
听说,1
邓文迪,1
收割,1
笔挺,1
办理,1
躲躲闪闪,1
全自动,1
深证,1
撩人,1
正义,1
电子音乐,1
阻挡,1
斯图尔特,1
累到,1
扩容,1
大旗,1
闵行,1
Hi,1
全称,1
监察,1
卖淫,1
万允,1
专研,1
素秋,1
摇曳,1
间制,1
争抢,1
打歌,1
惊现,1
镜子,1
一博燃擎,1
更有意义,1
缘起,1
现金,1
两名,1
袋子,1
同源,1
十分钟,1
销售市场,1
费城,1
秀晶,1
Han,1
三宝,1
酷哇,1
第五届,1
效果,1
屁股,1
曙光,1
白天,1
贵州,1
滨海,1
细节,1
有钱,1
冷链,1
水后,1
发工资,1
复制,1
锋芒,1
金枪鱼,1
古力,1
马蹄声,1
三花智控,1
支撑位,1
坚固耐用,1
中医药,1
拿个,1
一帧,1
琐碎,1
阳谋,1
周星驰,1
气场,1
报案,1
后劲,1
天声,1
动荡,1
给钱,1
裁定,1
RIIZE,1
说话,1
无条件,1
造型,1
从前,1
理性分析,1
理事国,1
剑法,1
拍下,1
强迫,1
股民,1
哈基米,1
超甜,1
变形,1
听信,1
王鹤,1
这批,1
OPPO,1
更名,1
事儿,1
午餐肉,1
付出,1
大喊,1
约束,1
依偎,1
三类,1
相通,1
在内,1
大笑,1
协同,1
停驻,1
建立,1
Tz,1
岂会,1
伟伦,1
点亮,1
BirdsNFL,1
花香,1
天字,1
遑论,1
回去,1
未入,1
进展,1
抚平,1
启幕,1
玩起,1
病痛,1
味儿,1
麻绳,1
孜官,1
之城,1
一刻,1
出门,1
时称,1
承旧,1
民安,1
别过,1
闯关,1
预想,1
旅发,1
磊磊,1
姚琛,1
未能,1
主编,1
小车,1
睡着,1
订单,1
重击,1
泪奔,1
执法局,1
林园,1
总爱写,1
推广,1
幽默,1
记得,1
集团,1
回帖,1
顺位,1
网格,1
关税,1
搓手,1
通稿,1
各大,1
起西贝,1
抱歉,1
压岁钱,1
晓彤姐,1
动账,1
瑟缩,1
股票投资,1
乐队,1
裹挟,1
撤下家,1
乌玛瑟曼,1
小花,1
拉黑,1
真跑,1
万中长,1
抨击,1
外出,1
事发,1
商品,1
两大,1
湖东,1
注入,1
继续下去,1
银接,1
客人,1
陈赫,1
乐乐,1
早点,1
街头,1
演职人员,1
一望无际,1
高效,1
周六日,1
发货,1
万条,1
出众,1
它亮,1
中东,1
针对,1
赠女,1
不乖,1
伪造,1
周密,1
彩票,1
非农,1
一味,1
疼痛,1
相见,1
fuckICE,1
OLED,1
省钱,1
行政处罚,1
对鲁豫,1
讲故事,1
脱颖而出,1
值得一看,1
也许,1
连环,1
彩妆,1
纷纷,1
压到,1
恰到好处,1
缩量,1
生长,1
试车,1
名校,1
迎合,1
访问,1
执行力,1
运营,1
马嘉祺说,1
难过,1
传奇,1
徘徊,1
人持,1
唱歌,1
心巴一,1
外套,1
闫桉,1
竹雕,1
胡捷,1
几支,1
一粒,1
现代战争,1
对不起,1
翘首以盼,1
捍卫,1
做法,1
可治人,1
报应,1
越发,1
年底,1
假意,1
这一说,1
最新消息,1
支点,1
光光,1
一墙,1
homiesgocrazy,1
虾仁,1
ti,1
事是,1
水贝上,1
滚烫,1
搏错,1
实业,1
滞胀,1
表述,1
车队,1
车型,1
hhh,1
新彩,1
黄渤范,1
KANSX,1
官宣定,1
花荣,1
飞来飞去,1
大暴雨,1
隔三差五,1
清掉,1
一倍,1
超晒,1
卓越,1
省厅,1
转评,1
凤凰,1
Daeny,1
市局,1
孤例,1
停滞不前,1
宿醉,1
議程,1
韩庚,1
勇气,1
五个,1
硬气,1
天台,1
一堆,1
阿姨,1
葡萄牙,1
捡回,1
茉莉,1
淘票票,1
作家,1
海钓,1
Music,1
李明,1
何年,1
隔壁邻居,1
通知,1
一斩二,1
短线,1
几缕,1
访谈,1
同款,1
喝咖啡,1
收市,1
感受一下,1
超谈,1
筹备,1
聊起,1
草鱼,1
傲慢,1
有多差,1
时而,1
编曲,1
韩联社,1
董明珠,1
几千万,1
首秀据,1
开篇,1
全文,1
居心,1
文文,1
受访,1
工作制,1
西游记,1
受邀,1
中学,1
焕金新程,1
钥匙,1
李先生,1
Cortis,1
瞭望,1
收听,1
武汉中院,1
李庚希,1
周四,1
民族,1
谷歌,1
序章,1
因素,1
我姐,1
谨记,1
晋哥,1
美国国务院,1
大聚会,1
化身,1
二选,1
赢得,1
目击者,1
恣意,1
当初,1
财政部长,1
水泥厂,1
六千人,1
中企,1
该案,1
精兵,1
真假,1
双边,1
算了,1
天生,1
会面,1
十倍,1
扩建,1
越来越近,1
人生态度,1
儿要,1
老川,1
得人心,1
毕业证书,1
卸下,1
放话,1
手速党,1
KANS,1
招商,1
档期,1
困苦,1
胜负,1
西装,1
身为,1
年轮,1
好久,1
亲朋好友,1
SVIP,1
柯克,1
太大,1
文献,1
一株,1
后盾,1
奋斗,1
一丝,1
理事会,1
到俊子,1
霓虹,1
爆仓,1
美以,1
祈福,1
全素颜,1
Ava,1
提示,1
灼见,1
某于,1
定小检,1
服从,1
良师益友,1
四个,1
穿过,1
影院,1
不负,1
库及,1
油门,1
尾市,1
镇上,1
上衣,1
配置,1
第一季,1
看笑话,1
衣架子,1
慵懒,1
敏感,1
钢铁,1
音乐节,1
永不,1
诞生,1
倾情,1
RayRay,1
唱赞歌,1
曼谷,1
奶香,1
一瓶,1
器件,1
盈亏,1
周觅,1
游走,1
全系,1
之力,1
喷湿,1
具象,1
给予,1
八度,1
陆军,1
急需,1
宣传部,1
通达,1
提线木偶,1
人格,1
张极,1
格局,1
半路上,1
涓涓细流,1
后排,1
对手,1
配套,1
集合,1
善意,1
枷锁,1
拉烟,1
安防,1
大喜,1
海中,1
招促,1
多点,1
大瓜,1
之夜,1
日成毅,1
国土,1
密逃里,1
疫情,1
厨艺,1
家居,1
雪上加霜,1
昨夜,1
回澜镇,1
考虑一下,1
消极,1
特产,1
念慈,1
陵川县,1
日田栩宁,1
他织,1
motivation,1
微博比,1
原文,1
偷走,1
本息,1
一丝丝,1
经理,1
全能,1
尝试,1
偏以,1
伪装,1
插满,1
多地,1
制敌,1
IP地址,1
代理人,1
终见,1
送上,1
标普,1
明枪暗箭,1
馋嘴,1
MSTAND,1
嘎子哥,1
全世界,1
百度,1
梅根,1
随行,1
上海交大,1
打卡,1
执着,1
萎靡,1
上半年,1
红毯,1
一角,1
救星,1
合唱,1
伤天害理,1
呼声,1
任正非,1
问起,1
尘沙,1
濫用,1
广电,1
幸福感,1
脸上,1
揭阳,1
夸成,1
女主,1
故宫,1
足够,1
转让,1
解放军,1
摇人,1
接力,1
波茨坦,1
KhawajaAsif,1
片子,1
伟人,1
倒挂,1
牺牲,1
元素,1
一出场,1
和平鸽,1
聊一聊,1
国企,1
国外,1
博览会,1
本质,1
新机,1
公交车,1
坚固,1
经开,1
摄入,1
泪点,1
瞩目,1
岗位,1
仪态,1
山大,1
姓氏,1
教育部门,1
恍惚,1
一笔,1
打算,1
天下为公,1
想想,1
印证,1
孟伟,1
穷凶恶极,1
根正苗红,1
分量,1
至今,1
振荡器,1
运气,1
包含,1
中文,1
淡淡的,1
发箍像,1
温正佳,1
璀璨,1
人为,1
交心,1
冲入,1
爱国,1
中后期,1
大战,1
Jzen,1
战报,1
花费,1
共有,1
单线,1
心爱,1
借口,1
告别仪式,1
挑战性,1
熠熠,1
错失良机,1
依据,1
京东方,1
缺口,1
大义,1
个位数,1
谩骂,1
杠杠,1
迫使,1
美景,1
瞅见,1
一纸,1
科普,1
定乾坤,1
中檀,1
组里,1
纳指,1
HJLchannel,1
心路,1
这样一来,1
健次饰,1
马宁,1
并列,1
依高,1
爆改,1
用自,1
暗夜,1
自在,1
構成,1
团聚,1
影视作品,1
脉搏,1
合肥,1
余红春,1
问到,1
水平衡,1
短兵相接,1
海关,1
唯念,1
重逢,1
开门红,1
河园,1
所见,1
识破,1
尾巴,1
真笑,1
蹦迪,1
光束,1
封禁,1
冠名,1
生米,1
多辆,1
少数民族,1
乘着,1
羁押,1
大们,1
七三一,1
河山,1
工科,1
精神力,1
解析,1
一支,1
小童,1
前沿,1
遮光板,1
家庭暴力,1
城区,1
亲切感,1
一国,1
营养,1
发博,1
地去,1
协议,1
褶皱,1
精心策划,1
此处,1
半年报,1
跌去,1
食物,1
闭眼,1
推荐,1
一昧,1
纪念,1
速达,1
最帅,1
新剧,1
换机,1
泰清出,1
逆势,1
研究员,1
后于,1
法条,1
焦虑,1
关乎,1
台独,1
秀中,1
退博易,1
TT,1
嘴角,1
柔和,1
旅打,1
女配,1
妥协,1
有厚米团,1
村一,1
脑子,1
世上,1
好家伙,1
无恙,1
终身,1
苦战,1
之冠,1
引力,1
一连串,1
执政,1
清明,1
豆瓣,1
县公安局,1
中级,1
一响,1
冻伤,1
扩展,1
法人代表,1
边框,1
财产,1
在我看来,1
物化,1
学会,1
跟风,1
定价权,1
担当,1
考驗,1
贯彻落实,1
邢菲,1
现货,1
塑料,1
血肉,1
板凳,1
灵官,1
爆表请,1
栩光,1
课程,1
林奇,1
陈晓,1
齐聚一堂,1
秘书长,1
薛飞,1
决定书,1
学友,1
刘宇宁用,1
点阵图,1
上桌,1
一键,1
WannatellmewhereIcantgoMO,1
军机,1
完毕,1
影视剧,1
不急不徐,1
打响,1
强劲,1
悲太,1
生成,1
合伙,1
大陆,1
快发,1
全鸡,1
该公,1
传来,1
想法,1
SUNGCHANsSURPRIIZEBdayRIIZE,1
好几个,1
细心,1
当起,1
想着,1
寒冬,1
辉煌,1
喘息,1
宋柯,1
实话,1
玉盘,1
节抄级,1
金粉,1
赵让,1
食用,1
遥远,1
忙碌,1
鸡毛,1
第一轮,1
辛爽,1
单立,1
布瑞吉,1
主体,1
震撼人心,1
赚到,1
复旦大学,1
楼市,1
一款,1
脸旁,1
展丞超,1
主创,1
校区,1
苍穹,1
悲伤,1
成员国,1
数百万美元,1
保驾护航,1
狂蟒,1
第一把,1
解除武装,1
七审,1
捐赠人,1
多门,1
数张,1
酷触,1
名利,1
祝愿,1
优先,1
onesd,1
改革,1
王一,1
上市公司,1
录上,1
立体,1
黄铉辰,1
穿脱,1
毛选,1
滥用,1
义昆,1
呼唤,1
Yancy,1
月经,1
接地,1
太阳能,1
设在,1
打眼,1
没跑,1
国泰,1
包场,1
背上,1
尽力,1
全资,1
独一无二,1
秩序,1
影视,1
叫醒,1
飞行器,1
发表,1
启梦衔,1
夸人,1
豪张,1
篇章,1
称为,1
无形,1
战地记者,1
白面,1
帮人,1
申请者,1
比不上,1
路透社,1
文旅部,1
入住,1
生物,1
双语,1
见识,1
柜子,1
程序,1
仰角,1
男同学,1
换来,1
悬苍昊,1
新娱,1
系在,1
担责,1
日志,1
中原,1
鱼头,1
联大,1
禁演,1
礼包,1
自带,1
陌生人,1
原材料,1
按摩椅,1
JiayongLOEWE,1
人道,1
气质,1
剑形,1
发债,1
经验,1
新程,1
五粮液,1
底色,1
垂老,1
一轮,1
题目,1
酒店,1
妹妹,1
政治系,1
洗脑,1
李德,1
文汇报,1
hhhh,1
崔轼,1
博多,1
医生,1
恐惧,1
从企,1
英国皇家,1
开除党籍,1
绝配,1
开场,1
法伦,1
大写,1
某花处,1
感而,1
院子,1
同脚,1
骏马,1
党员大会,1
交集,1
刘玉玲,1
近距离,1
激进,1
别急,1
新易盛,1
透明,1
独享,1
辞去,1
关灯,1
好奇心,1
朝代,1
水面,1
迷茫,1
低开,1
十月,1
获王俊凯,1
赞助,1
嘲讽,1
天赋,1
白色,1
关晓彤,1
时澜时,1
剧生,1
SuperWinnerMVP,1
地上,1
无锡,1
天姬,1
听不懂,1
团圆,1
拖下去,1
模型,1
一个打,1
无动于衷,1
月子病,1
待遇,1
西式早餐,1
高风险,1
一言不合,1
天空,1
怎能,1
一首歌,1
里演,1
走心,1
饭菜,1
灰调,1
看法,1
iQOO,1
小小年纪,1
台网,1
不买,1
T恤,1
热门,1
指控,1
一共,1
指明,1
任免,1
满心,1
代为,1
callKSG,1
邀请,1
国际舞台,1
点债,1
高清,1
金家,1
路远守,1
维持原判,1
区域,1
狂是,1
团餐,1
晚自习,1
自主经营权,1
波段,1
骑车,1
迭代,1
试点,1
只见,1
经济总量,1
著名,1
搜爆,1
热映,1
增速,1
财务人员,1
神秘,1
炉子,1
股侠,1
发亮,1
明年,1
葬礼,1
大单,1
首尔,1
重破,1
辞盈,1
腰带,1
亲爱,1
只判,1
仓今,1
岁月,1
月子法,1
甘井子区,1
穿衣,1
场外,1
一日日,1
粉底,1
弧度,1
分秒,1
难看,1
彭丽媛,1
老友,1
毅勇,1
至焕亮,1
ING,1
即兴,1
私货,1
带给,1
武力,1
懒人,1
热身,1
揭秘,1
滤镜,1
欢声笑语,1
封路,1
三人,1
无限期,1
钱五险,1
浪潮,1
季来,1
紧身,1
同组,1
菌子,1
经济体,1
官宣当,1
早前,1
率领,1
王冠,1
南丰县,1
礼治,1
太过,1
工头,1
含金量,1
一介书生,1
桑切斯,1
焕金官,1
夸张,1
盛网,1
案一审,1
视线,1
靠近,1
锁鲜,1
司徒,1
王栎鑫成,1
钓上,1
大娘,1
危急,1
菜单,1
二战时期,1
回响,1
悸动,1
尚属,1
打击报复,1
叫黎,1
万多份,1
象征,1
达成协议,1
男耶耶,1
威权,1
扎根,1
赵林山,1
隔壁,1
用智,1
吉林长春,1
直抒胸臆,1
炼狱,1
套牢,1
心疼,1
安检,1
编号,1
心梗,1
海淀区,1
鹿晗,1
歐陽,1
一潭,1
宋在,1
叙事,1
这笔,1
参演,1
枪头,1
讨回公道,1
招联,1
同框,1
刘轩,1
成龙,1
购物车,1
韩令,1
明晚,1
好物来,1
洗盘,1
大党,1
具象化,1
沦为,1
接近,1
腰斩,1
一档,1
女孩,1
漫画,1
芳香,1
机器人,1
立据,1
重要性,1
共通,1
黄羿,1
神州,1
行使,1
泪奔泪,1
铁证,1
宝贵,1
很快,1
金条,1
强化,1
工作室,1
列车,1
音缘,1
围绕,1
航空公司,1
被绑,1
景区,1
芜湖,1
偷笑,1
现世现报,1
蓝羽,1
Windows,1
无垠,1
无人,1
场务,1
侧头,1
调香,1
拿下,1
赵磊,1
定位,1
怀有,1
隔屏,1
考试,1
连夜,1
入手,1
第一人称,1
当今世界,1
恃强凌弱,1
面孔,1
恩人,1
比为,1
黄金周,1
导演组,1
耶耶耶,1
重点,1
惊魂,1
如你所愿,1
加油打气,1
关东军,1
生撞,1
哽咽,1
强及,1
腐臭,1
体悟,1
抢券,1
商业,1
蛋黄,1
一片狼藉,1
总一见,1
绿灯,1
彩礼,1
PuraX,1
桅杆,1
元享,1
晨风,1
总局,1
议事,1
局内人,1
涉案,1
Labubu,1
绚丽,1
养成,1
点秋香,1
硬撑,1
聚齐,1
尹烨,1
演红,1
专业对口,1
持股,1
勤天,1
预演,1
信号,1
区有,1
黑金,1
批捕,1
促成,1
放脚选,1
银行贷款,1
闹得欢,1
生动,1
跑来跑去,1
淫威,1
零食,1
kbs,1
出海,1
不缺,1
顶流,1
差点,1
黄景,1
火把,1
竟来,1
江西省,1
相遇,1
妆态,1
不亏,1
黄誉博,1
正值,1
通信,1
效仿,1
齐心协力,1
过往,1
缝合,1
比高,1
度假,1
美国股市,1
耿马,1
长长,1
用券后,1
同手,1
长大,1
语言,1
疾速,1
航天员,1
有限,1
开花,1
耗时,1
免单,1
张泽禹,1
误导,1
手电筒,1
一年一度,1
没接,1
停职,1
产物,1
相接,1
全市,1
餐饮业,1
把戏,1
不失为,1
将会,1
三十多,1
综合,1
朋友圈,1
展销,1
美丽,1
宣称,1
女法官,1
孙子,1
充电,1
毕业证,1
解放,1
服务器,1
fen,1
研究生,1
排位赛,1
王晓彤,1
偷偷,1
天猫,1
爱是,1
投向,1
不爱,1
节后,1
玻璃,1
苦寻,1
合家,1
异族,1
以色,1
没人,1
康辉,1
三缺一,1
大看,1
大部分,1
蜘蛛,1
中国美术学院,1
女人,1
个性,1
一辆,1
慈善,1
豪迈,1
丁哥,1
助手,1
更想,1
蚂蚁,1
估计,1
心情,1
调转,1
某媛诉,1
凭直觉,1
实实在在,1
超燃,1
主导地位,1
谈起,1
大巴,1
作曲,1
劲舞,1
权力,1
枪声,1
viafactpost,1
皇宫,1
白洁,1
DK,1
翱翔,1
践踏,1
緊急,1
呈现出,1
出珍知,1
放琪,1
特战,1
做过,1
尤长靖,1
等实,1
有利可图,1
出炉,1
皓月,1
足迹,1
季抢,1
手慢,1
云檀,1
将盈,1
数万亿美元,1
听取,1
哇塞,1
米娜,1
谈判,1
百亿,1
npc,1
第二次,1
不遗余力,1
NPC,1
林某,1
敬业,1
上马,1
手袋,1
唯喻言,1
晋善,1
洁净,1
于适,1
身体健康,1
坦诚,1
小贺,1
精进,1
余承恩,1
郑钧,1
导游,1
刘宇宁献,1
工地,1
生育,1
反转,1
来到,1
tiktoktiktok,1
玩意,1
系统工程,1
小节目,1
客观,1
长假,1
衣食住行,1
追光,1
每月,1
智算,1
一点点,1
裸奔,1
服务行业,1
空中,1
sorrysorry,1
理性,1
轻响,1
湖南卫视,1
适配,1
张佳,1
拿走,1
此举,1
囚犯,1
检索,1
个人所得税,1
搬家,1
一匹,1
点餐,1
职务犯罪,1
之缘,1
非军事化,1
SayItLoud,1
Simon,1
分声,1
难辨,1
强势股,1
熟悉,1
引力场,1
落泪,1
打上,1
并存,1
ear,1
票房,1
现实主义,1
诽谤,1
橱窗,1
竟敢,1
掠过,1
实见,1
担保,1
水积,1
热龙,1
嘿微博,1
空空导弹,1
那晚,1
保单,1
杨洋,1
怀着,1
喜庆,1
情指,1
外观,1
主题曲,1
好多,1
新郑,1
罪名,1
卧龙,1
伯尼,1
华丽,1
举手,1
为此,1
不信,1
专为,1
战术,1
富豪,1
简称,1
一步步,1
不差,1
霸榜,1
留在,1
多位,1
跌跌撞撞,1
一乐,1
情感,1
双商,1
代言,1
好六友,1
白杨,1
封建,1
地貌,1
女友,1
学者,1
花篮,1
男女朋友,1
注销,1
徐志胜,1
打杂,1
坐上去,1
刻下,1
误区,1
刑法,1
提名,1
上行,1
之局,1
球队,1
周期,1
幼儿园,1
八小时,1
带货,1
美梦,1
处室,1
几位,1
决议案,1
旷野,1
彩色,1
长约,1
三人行,1
辽宁,1
猫咪,1
猪肉,1
语言学,1
导师,1
版本,1
TA,1
一圈圈,1
次延,1
冻品,1
多系,1
优惠券,1
LearningResources,1
TinaWang,1
剧透,1
活泼,1
演出季,1
创业投资,1
公告栏,1
放派,1
高质量,1
希林娜,1
哪里找,1
哥们,1
高峰,1
结婚,1
李淇太带,1
KSG,1
空空荡荡,1
成年,1
受损,1
成效,1
深陷,1
金砖,1
自私,1
僵尸,1
百态,1
larsfridaynight,1
指点,1
措手不及,1
大脑,1
落地,1
小剧场,1
扛起,1
制式,1
挖掘机,1
跟进,1
心酸,1
启航,1
戴上,1
实证,1
新任,1
十亿,1
狗狗,1
马甲,1
服饰品牌,1
文旅石,1
田丹,1
酒吧,1
耳朵,1
荆棘,1
敦豪,1
附体,1
而张,1
政徐瑛,1
總統,1
发起,1
诉求,1
强者,1
锦旗,1
翻林,1
疾驰,1
抗打,1
看待,1
专业人士,1
重不,1
跌至,1
屏障,1
后田丹,1
不息,1
忍住,1
无党派,1
肯德基,1
彼得,1
胆量,1
揭幕,1
形态,1
机组,1
九粒,1
卢伟冰,1
梦境,1
通通,1
热爱工作,1
悠扬,1
纸质,1
成本,1
羡慕,1
刻板,1
入场,1
斩获,1
出生,1
天恩,1
山云,1
二级,1
坏掉,1
回绝,1
就动,1
研究所,1
早安,1
搬运,1
赏秋红,1
搞定,1
颂歌,1
女士,1
酷有雯,1
柯尔,1
旅行网,1
身孕,1
转播,1
蒙胧,1
指挥部,1
问易立,1
刀马,1
前夫,1
高水平,1
学术,1
种类,1
一首,1
璀璨夺目,1
过山车,1
厚米团,1
感不乖,1
交响乐章,1
董事长,1
鸟巢,1
Michael,1
牵强,1
店面,1
户籍,1
不辞,1
只会,1
佛罗里达州,1
沉淀,1
死脑筋,1
遗体,1
一嘴,1
行云流水,1
冥山,1
用尽,1
方方面面,1
制空权,1
朝鲜,1
皱眉,1
依法治国,1
平常,1
小演员,1
事用,1
人演,1
之战,1
再焕,1
电力,1
引擎,1
下周一,1
华杉,1
相互,1
控制权,1
框架,1
倾家荡产,1
开天,1
确有,1
初中,1
下集,1
后事,1
磨盘,1
权利,1
而行,1
一个亿,1
转自,1
泪泪,1
逝去,1
欧洲,1
马嘉祺演,1
羊肉串,1
店铺,1
不怪,1
吃息,1
几十篇,1
郁可,1
人用,1
通透,1
我哥,1
星哥,1
经纬,1
热热,1
武汉,1
默克,1
鸡蛋,1
敬爱,1
董宇辉,1
十五天,1
送单,1
很行,1
中共河南省委,1
图一是,1
袜子,1
学问,1
大队,1
大放送,1
闪魔,1
星品,1
TwoSigmaInvestments,1
大爷,1
变数,1
中标,1
戴安娜,1
超有,1
现将,1
讲松韵,1
手游,1
实打实,1
摸鱼,1
之机,1
中写,1
尘川,1
日胎,1
上游,1
里赫,1
浓烟滚滚,1
动画电影,1
莜面,1
FRANCISKURKDJIAN,1
小猪,1
一金,1
maga,1
怀抱,1
杯中,1
恒顺,1
底座,1
老股民,1
板子,1
人社,1
张国强,1
谭旋,1
等不及,1
双尖,1
太大点,1
小区,1
各车,1
冷库,1
登场,1
成交量,1
红运,1
和平,1
国务院新闻办公室,1
劲儿,1
加连,1
被执行人,1
黄子,1
一滴,1
生老病死,1
西贝招,1
大同,1
睡觉时间,1
靴子,1
偏架,1
措辞,1
咖啡机,1
渴望,1
嘴压,1
龚俊包,1
客气,1
改编,1
小狗,1
复习资料,1
左航,1
信念,1
非常任,1
抚州市,1
辛辛苦苦,1
外籍,1
奔泪,1
每一寸,1
超深,1
地说,1
当成,1
性骚扰,1
马车,1
北道,1
VIP,1
会选,1
后退,1
跌到,1
网系,1
卧底,1
盛赞,1
美艳,1
bridge,1
模块化,1
花花,1
丝瓜,1
比划,1
对此,1
粉底液,1
Ding,1
黄潇凤小岳,1
打翻,1
骨折,1
开见,1
新超,1
同频,1
这年,1
守住,1
无意,1
陷入,1
议题,1
词条,1
现由,1
之志,1
国标,1
契约,1
真知灼见,1
团超话,1
披露,1
闵行区,1
拂晓,1
姑娘,1
對關,1
全人类,1
一是,1
一两年,1
欢歌,1
上蹿下跳,1
长沙,1
节假日,1
回味,1
媒体报道,1
耐得,1
舞网,1
无视,1
前提,1
生理性,1
刑事拘留,1
糟粕,1
揭幕战,1
背锅,1
特变,1
一只,1
这杆重,1
派来,1
暖意,1
伞降,1
一本,1
外国人,1
外网,1
素质,1
难吃,1
胡夏硬控,1
动人,1
判决书,1
主义,1
翻身,1
好哇,1
一周,1
写手,1
有多乱,1
真开,1
蛆头,1
壁纸,1
幕僚,1
国务院台办,1
满仓,1
最想,1
签收,1
角度看,1
上百人,1
麻痹,1
即日起,1
总书记,1
摄像机,1
额外,1
戒备,1
建筑,1
王允宸,1
亮眼,1
翻红,1
创办,1
阅读,1
小妙,1
一束,1
内蒙,1
人群,1
保险柜,1
两头,1
组词,1
泪后,1
小丁,1
啃书,1
威力,1
咧嘴,1
將就川普,1
钓出,1
未成年,1
原版,1
峰会,1
搭讪,1
北大,1
男人,1
jjforhs,1
税务,1
监管,1
几次,1
共享,1
风雨雷电,1
燃起,1
底妆,1
危害,1
限时,1
指示精神,1
特意,1
油然而生,1
中心区,1
承担责任,1
振声,1
阻力位,1
厚米,1
品控,1
深情,1
殷桃,1
炽热,1
李雪琴,1
全中,1
供应,1
强烈反响,1
进阶,1
LOFFICIEL,1
微博发,1
嵌入式,1
铭刻,1
淘汰制,1
内塔尼亚胡,1
张自,1
还会,1
指令,1
万心,1
博好物,1
千秋,1
省委,1
wonni,1
特殊性,1
场所,1
独吞,1
传达,1
用手,1
农民,1
带领,1
D版,1
刀锋,1
最令,1
嘶喊,1
ZHJ,1
限流,1
何卓佳,1
新周,1
保住,1
第一句,1
dogedogedoge,1
发抖,1
五折,1
强度,1
振兴,1
未现,1
喜剧类,1
如诗如画,1
约合,1
一胎,1
广东,1
微博上,1
GPU,1
拼命,1
量值,1
初心,1
锐评,1
资深,1
向前,1
不敢相信,1
救人,1
星人,1
已燃,1
洗碗机,1
鸡省,1
独立,1
视为,1
整体,1
封户子,1
牙签盒,1
上前,1
电影明星,1
一次次,1
天孚,1
小新,1
有能,1
币圈,1
涟漪,1
中国人民银行,1
倒灌,1
问鼎,1
掏出,1
耀目,1
身心,1
李书达,1
冲刺,1
高危,1
多种,1
第三十五条,1
肩负,1
悬疑,1
限于,1
普及,1
新辰,1
悬念,1
排斥,1
相识,1
赵今麦,1
如雪真善,1
可谓,1
顺手,1
之选先,1
取景框,1
年大正,1
OOTD,1
打理,1
新华,1
整整,1
指引,1
滥用职权,1
恰值,1
菜品,1
无衣,1
智能,1
下肚,1
迪士尼,1
弱势,1
还愿,1
拖沓,1
难赚,1
点睛之笔,1
多条,1
这辈子,1
婚姻法,1
深浅,1
中长期,1
款式,1
音银,1
导火索,1
怪兽,1
写信,1
对决,1
重合,1
雨里,1
平安,1
人出,1
北京市,1
拉长,1
人来,1
认清,1
从抗,1
点来,1
魏翔,1
误解,1
细小,1
表决,1
取得胜利,1
FrantGw,1
李淇檀,1
弹劾,1
电工,1
法治,1
月薪,1
稳固,1
经审查,1
烟火,1
配得,1
跌停,1
郊游,1
预判,1
初秋,1
近几年,1
旗下,1
开局,1
齐声,1
工程,1
鹅卵石,1
刺激,1
還將,1
一篇,1
更新,1
因知,1
旺铺,1
缱绻,1
马哲,1
时常,1
起外,1
环节,1
申请费,1
合照,1
唯粉,1
入神,1
几餐,1
套现,1
泊车,1
MV,1
书里,1
制作,1
交通,1
火海,1
审判,1
浅显,1
扬起,1
那句话,1
领唱,1
无名,1
两张,1
xpxdoge,1
指责,1
实时,1
miumiu,1
叫作,1
纽带,1
过道,1
某种,1
普通话,1
贬值,1
我化,1
推着,1
开票,1
小谢,1
九一八事变,1
最多,1
功台,1
结构,1
丧心病狂,1
区别对待,1
地缘,1
营销,1
海底,1
三五年,1
四千,1
走走停停,1
春雨,1
心火,1
小辣,1
快上车,1
刑事犯罪,1
大盘,1
晚于,1
刑事判决,1
内蒙古,1
电驱,1
纸情,1
摄氏度,1
一遍,1
一老,1
MiuMiu,1
笔触,1
达农,1
罗意威,1
三巫日,1
贪心,1
绿色,1
挑动,1
答案,1
气血,1
横住,1
忠实,1
感想,1
丝都,1
电脑,1
束缚,1
嫁个,1
换衣服,1
安稳,1
液氮,1
遭遇,1
赴约,1
铁路,1
法庭,1
肩负着,1
WTT,1
两幅,1
州委,1
动能,1
全给,1
怀揣,1
自觉,1
飞扬,1
举过,1
殷殷,1
当家,1
地震,1
灰尘,1
抢人,1
粗粮,1
钟楚曦,1
模样,1
受理,1
双脚,1
尖叫,1
看孟剑卿,1
工资条,1
寓意,1
首登,1
升级版,1
大腿,1
EVISURACING,1
主管,1
贝壳,1
犯人,1
向上,1
用途,1
行李,1
比特,1
引得,1
盛典,1
回头一看,1
不管是谁,1
久等,1
赛季,1
违反,1
成指,1
变化,1
分仓,1
剧组,1
细腻,1
敞开大门,1
马在,1
社会舆论,1
战时,1
往事,1
宇宙,1
喜迎,1
帅哥,1
亚钾,1
要花费,1
衬衫,1
不可避免,1
裂隙,1
美到,1
悲惨,1
工艺,1
emo,1
朝向,1
贬义词,1
Uvin,1
认出来,1
竖起,1
赛事,1
困境,1
拆迁,1
特邀,1
背屏,1
牢记,1
传媒,1
耐心,1
朱立伦,1
豪带,1
美若,1
做出,1
谢谢你们,1
在外,1
灵蛇,1
那一刻,1
漫途,1
缩小,1
城镇,1
泰国,1
母子俩,1
烤鱼,1
打工,1
看点,1
大闹,1
难忘,1
拍出,1
程序员,1
私人,1
餐厅,1
确保,1
干净,1
六地,1
笑鼠,1
牵手,1
开放日,1
领奖,1
一顿,1
没留全,1
勾勒,1
起跑,1
太好,1
盲目,1
兜住,1
周边,1
看暮光,1
翻唱,1
馒头,1
封嘎子,1
评大,1
安全部,1
拉出,1
说分,1
收官战,1
热浪,1
贾国龙称,1
甜度,1
扶助,1
直抵,1
抵挡,1
陪张,1
锅盖,1
版田栩宁,1
直拍,1
王室,1
致歉,1
活体,1
时掉,1
笑话,1
行政案件,1
reaction,1
迫切,1
一早,1
DEVILISH,1
从那以后,1
全名单,1
物品,1
驾驶,1
玄道,1
头上,1
住宿,1
实用技巧,1
孤立,1
采购,1
动物,1
拉升,1
读懂,1
高三,1
刮来刮去,1
储能,1
标配,1
迷思,1
剧方,1
不合理,1
来顿,1
个个,1
fanlin,1
Pro,1
昨晚,1
讨厌,1
专辑,1
访英,1
Arthur,1
最短,1
为啥,1
探险者,1
几分,1
软软,1
地流,1
官方网站,1
辽宁省,1
微博能,1
外加,1
先涨,1
科研,1
底下,1
反观,1
勋章,1
吴舰,1
开出,1
张靓颖,1
中四机,1
调集,1
douyinB,1
百万,1
潮流,1
记者团,1
慧眼识珠,1
陆虎,1
石柱,1
图七是,1
纵横驰骋,1
裁決,1
朱亚文,1
电视台,1
反水,1
策划,1
公正,1
凡是,1
拉开,1
zuo,1
民间,1
耳廓,1
推送,1
JimmyKimmel,1
背篓,1
放大,1
高点,1
拼车,1
迅猛,1
驻足,1
启新,1
本狼,1
决心,1
眼泪,1
中逐光,1
夫人,1
村是,1
供应商,1
多一些,1
舞者,1
帅气,1
Yosh,1
整鸡,1
第二个,1
一万,1
风吹,1
启动,1
AppleWatchUltra,1
文艺工作者,1
中国共产党,1
锻造,1
平滑,1
这家,1
冒用,1
图二至,1
亲手做,1
事抱,1
激怒,1
任期,1
不应,1
斗殴,1
鸿沟,1
间隙,1
杨丽菁,1
正片,1
查个,1
第二期,1
李老师,1
瓜分,1
古装,1
名下,1
焕金,1
劳动力,1
雨水,1
净利润,1
弹钢琴,1
费解,1
问及,1
走带,1
权威,1
火种,1
晋美,1
难免,1
汉娜,1
全靠,1
行政拘留,1
四边,1
播放,1
创享,1
类企,1
追星,1
警戒线,1
根深蒂固,1
安定,1
PC,1
HelloDance,1
顺便,1
穿白,1
挡住,1
沙拉,1
卷起,1
出售,1
股指,1
台前,1
直达,1
争气,1
天将,1
闪亮,1
期货,1
小记,1
渡情,1
好事,1
弗朗西斯,1
记住,1
重案,1
快门,1
权志龙,1
一米,1
利差,1
极右翼,1
加倍,1
长城,1
减弱,1
蹲坐,1
清润,1
养殖场,1
之势,1
Lisa,1
秋雅才,1
索要,1
诉讼请求,1
东方文化,1
先下手,1
上戏,1
图书馆,1
短暂,1
可降解,1
兵迪丽,1
喜悦,1
恢复,1
杠杆,1
追究,1
恐慌,1
戏连,1
闪烁,1
他称,1
深黄,1
深圳,1
以快,1
创造,1
解决问题,1
健在,1
困住,1
尔多,1
唐伯虎,1
早上好,1
不对劲,1
热播,1
这群人,1
一文,1
要来,1
暴露出,1
搞反,1
聂远,1
赶尽杀绝,1
之处,1
到校,1
零下,1
陈俊菘,1
大吉,1
配上,1
富有,1
童频,1
三月,1
根本原因,1
回顾,1
已任,1
比扫码,1
四处,1
官张,1
收买,1
区块,1
一块儿,1
尤为,1
白驹过隙,1
诱饵,1
艰难,1
粉为,1
密度,1
结算,1
普宁,1
徐海东,1
行程,1
眼窝,1
免责,1
马嘉祺因,1
牛肉,1
光阴,1
拿出,1
滚石,1
胡夏问,1
紫辉,1
打拼,1
影人,1
日嘎子,1
新闻周刊,1
见到,1
火灾,1
袖子,1
运筹帷幄,1
单体,1
空头,1
预约,1
多斤,1
手软,1
如酒,1
美滋滋,1
GPS,1
官媒,1
吸毒,1
圣塞巴斯蒂安,1
一幅,1
亿泪,1
正当竞争,1
抖落,1
伊朗,1
亲临现场,1
通道,1
条件,1
十余年,1
crlogoKRYSTALJUNG,1
大道,1
创维,1
飞往,1
加热,1
水流声,1
转交,1
西藏,1
AllenSu,1
challenge,1
宝子们,1
全速,1
演苏洋,1
可不是,1
开会,1
称该,1
人均,1
落到实处,1
Nana,1
逐浪,1
娘炮,1
看不到,1
学年,1
半价,1
记者会,1
航展,1
好心,1
古刀,1
重遇,1
自我介绍,1
出图,1
惊起,1
不尽,1
忘记,1
奇迹,1
亿万,1
百年,1
一日,1
点赞点,1
局面,1
山石,1
夜色,1
光天化日,1
燃擎,1
获取,1
三年期,1
bro,1
父母,1
乘客,1
封锁,1
转移,1
这部分,1
暂行规定,1
DIY,1
李嘉琦,1
穿带,1
高呼,1
宁王,1
梓豪,1
季条,1
周启豪,1
看一遍,1
如同,1
某花称,1
电台,1
年且,1
朱乔琳,1
修正,1
词曲创作,1
爆裂,1
记录仪,1
家属,1
下一代,1
陈斌华,1
为川,1
参议员,1
陈之汉来,1
MAGA,1
几小时,1
狠劲,1
公知们,1
柔韧性,1
颤抖,1
月初,1
区内,1
止不住,1
称呼,1
懦夫,1
CCTV,1
转身,1
活儿,1
总在,1
难以置信,1
诚心,1
大地,1
放飞,1
主包,1
文书,1
步步为营,1
没出,1
晚安,1
邓庆旭,1
女骗,1
经销商,1
太帅,1
由行,1
法西斯,1
新闻热点,1
呜呜,1
溜进,1
西兴,1
和谐,1
机遇,1
利润,1
洒洒,1
多家,1
rs,1
被动,1
过多,1
深远,1
团团,1
中哥,1
百分之百,1
星期一,1
产品种类,1
三农,1
参考消息,1
心怀,1
放手,1
浓郁,1
所知,1
庭审,1
一楼,1
超靠,1
独资企业,1
沒以,1
三明治,1
海床,1
营收,1
蒸霞,1
马来西亚,1
政协,1
盘后,1
后门,1
保养,1
英语,1
倒地,1
压热,1
氤氲,1
回击,1
声母,1
小组会议,1
大小,1
一眼,1
中际旭创,1
坏死,1
普宁市,1
中央纪委,1
清土积,1
掌镜,1
常远,1
快步,1
這將,1
升龙,1
台下,1
丹麦,1
磋商,1
注现,1
绳子,1
起点,1
证券公司,1
副厅级,1
充分体现,1
广告费,1
利落,1
一线,1
自选,1
挥汗,1
穿越时空,1
京报,1
水管,1
以攻为守,1
辛云来,1
出狱,1
腮红,1
妮克,1
善恶,1
垃圾场,1
天花板,1
奇张,1
重启,1
黄友,1
美国移民,1
透露,1
疑点,1
办公楼,1
型飞机,1
心巴说,1
爱犬,1
看得,1
热乎乎,1
图太,1
毫不犹豫,1
出去玩,1
轻叩,1
偿命,1
资格,1
游记,1
落落大方,1
日里,1
燃放,1
风评,1
点多,1
锦绣,1
属性,1
经济周期,1
太有,1
家庭,1
极限,1
投送,1
同盟,1
悲允悲,1
延长,1
判刑,1
BOE,1
外管局,1
马杀鸡,1
中国电影家协会,1
露个,1
小考,1
有个,1
组上,1
清晨,1
郭帆,1
夏之光,1
伊斯兰,1
好不容易,1
日要,1
调查结果,1
服务费,1
特惠,1
银行卡,1
最初,1
杰夫,1
索取,1
联邦政府,1
离谱,1
前到,1
储户,1
赤诚,1
女王,1
光亮,1
一小,1
JCTONSET,1
港媒,1
耐人寻味,1
排行榜,1
折叠,1
名义,1
王雅君,1
井井有条,1
发自内心,1
女主角,1
鱼钩,1
太强,1
冷嘲热讽,1
出于,1
好大,1
鲁豫有约,1
内部,1
面膜,1
讲讲,1
色彩,1
日西贝,1
乐此不疲,1
钱存,1
两袖清风,1
